pbe	target_start	target_end	len	target_seq_5to3	disruptor_antisense_5to3	Tm_C_approx	GC_pct	target_accessibility	self_struct_dG
752-776	760	776	16	UGUAUAUAAUAUGAAA	UUUCAUAUUAUAUACA	43.6	12.5	0.546	0.0
752-776	758	776	18	UGUGUAUAUAAUAUGAAA	UUUCAUAUUAUAUACACA	50.1	16.7	0.493	0.0
752-776	756	776	20	CCUGUGUAUAUAAUAUGAAA	UUUCAUAUUAUAUACACAGG	55.8	25.0	0.444	0.0
752-776	758	774	16	UGUGUAUAUAAUAUGA	UCAUAUUAUAUACACA	46.1	18.8	0.434	0.0
1232-1256	1232	1248	16	UCACAUUUUGUAAAUA	UAUUUACAAAAUGUGA	49.0	18.8	0.405	-0.4
752-776	754	776	22	GGCCUGUGUAUAUAAUAUGAAA	UUUCAUAUUAUAUACACAGGCC	62.4	31.8	0.403	0.0
752-776	756	774	18	CCUGUGUAUAUAAUAUGA	UCAUAUUAUAUACACAGG	52.9	27.8	0.386	0.0
2639-2663	2647	2663	16	UGUAUAUAUAACGGAC	GUCCGUUAUAUAUACA	50.5	31.2	0.38	0.0
752-776	752	774	22	AAGGCCUGUGUAUAUAAUAUGA	UCAUAUUAUAUACACAGGCCUU	63.0	31.8	0.377	0.0
2639-2663	2645	2661	16	AUUGUAUAUAUAACGG	CCGUUAUAUAUACAAU	48.1	25.0	0.377	0.0
2639-2663	2643	2659	16	AUAUUGUAUAUAUAAC	GUUAUAUAUACAAUAU	41.3	12.5	0.377	0.0
3584-3608	3592	3608	16	UGUAUAUAAUGGAAAA	UUUUCCAUUAUAUACA	47.4	18.8	0.369	0.0
1232-1256	1232	1250	18	UCACAUUUUGUAAAUACC	GGUAUUUACAAAAUGUGA	55.7	27.8	0.36	-0.4
752-776	754	774	20	GGCCUGUGUAUAUAAUAUGA	UCAUAUUAUAUACACAGGCC	60.4	35.0	0.347	0.0
752-776	756	772	16	CCUGUGUAUAUAAUAU	AUAUUAUAUACACAGG	47.1	25.0	0.347	0.0
